filename,overall_status,overall_score,shot_type,archetype_score,insightface_status,insightface_note,ai_brain_score,ai_brain_status,ai_brain_note,semantic_clip_score,semantic_clip_status,semantic_clip_note,aesthetic_score,aesthetic_status,aesthetic_note,skin_tone_score,skin_tone_status,skin_tone_note,blur_score,blur_status,blur_note,exposure_score,exposure_status,exposure_note,pose_score,pose_status,pose_note,duplicate_status,duplicate_note,reason,category
From Klickpin.com- 1121677850970841650-pin-id-1121677850970841650.jpg,REVIEW,74.61000061035156,portrait,1.0,PASS,sim=1.000 qual=1.000 det=0.877,,PASS,disabled,0.315,REVIEW,clip_sim=0.229,2.6,REJECT,aesthetic=2.6/10 (low quality),0.6311,PASS,skin_delta=9.2,1.0,PASS,lapvar=1460.1,1.0,PASS,black=2.5% white=0.1%,,PASS,mediapipe_unavailable,PASS,unique,semantic(REVIEW); aesthetic(REJECT),hair
From Klickpin.com- 1121677850970841781-pin-id-1121677850970841781-story-1.jpg,REVIEW,68.58999633789062,portrait,0.5942999720573425,REVIEW,sim=0.420 qual=1.000,,PASS,disabled,0.4389,PASS,clip_sim=0.260,2.7,REJECT,aesthetic=2.7/10 (low quality),0.9255,PASS,skin_delta=1.9,1.0,PASS,lapvar=259.2,1.0,PASS,black=3.6% white=0.4%,,PASS,mediapipe_unavailable,REVIEW,semantic_near_dup_clip:0.886,archetype(REVIEW); aesthetic(REJECT),hair
From Klickpin.com- 1121677850970841282-pin-id-1121677850970841282.jpg,REVIEW,63.790000915527344,portrait,1.0,PASS,sim=1.000 qual=1.000 det=0.843,,PASS,disabled,0.3391,REVIEW,clip_sim=0.235,2.72,REJECT,aesthetic=2.7/10 (low quality),0.0,REVIEW,skin_delta=25.1,1.0,PASS,lapvar=515.9,1.0,PASS,black=0.2% white=0.4%,,PASS,mediapipe_unavailable,PASS,unique,semantic(REVIEW); aesthetic(REJECT); skin(REVIEW),hair
img_0040.jpg,REVIEW,57.790000915527344,portrait,0.541100025177002,REVIEW,sim=0.344 qual=1.000,,PASS,disabled,0.4172,PASS,clip_sim=0.254,1.61,REJECT,aesthetic=1.6/10 (low quality),0.4704,PASS,skin_delta=13.2,1.0,PASS,lapvar=323.0,1.0,PASS,black=1.7% white=0.0%,,PASS,mediapipe_unavailable,REVIEW,semantic_near_dup_clip:0.883,archetype(REVIEW); aesthetic(REJECT),hair
From Klickpin.com- 1121677850970841639-pin-id-1121677850970841639.jpg,PASS,81.56999969482422,half_body,1.0,PASS,sim=1.000 qual=1.000 det=0.819,,PASS,disabled,0.4008,PASS,clip_sim=0.250,2.51,REJECT,aesthetic=2.5/10 (low quality),0.8852,PASS,skin_delta=2.9,1.0,PASS,lapvar=759.8,1.0,PASS,black=2.6% white=0.1%,,PASS,mediapipe_unavailable,PASS,unique,aesthetic(REJECT),outfit
From Klickpin.com- 1121677850970841129-pin-id-1121677850970841129.jpg,REVIEW,75.91,half_body,1.0,PASS,sim=1.000 qual=1.000 det=0.773,,PASS,disabled,0.4523,PASS,clip_sim=0.263,1.94,REJECT,aesthetic=1.9/10 (low quality),0.7458,PASS,skin_delta=6.4,0.5009,REVIEW,lapvar=115.2,1.0,PASS,black=1.2% white=0.0%,,PASS,mediapipe_unavailable,PASS,unique,aesthetic(REJECT); blur(REVIEW),outfit
From Klickpin.com- 1121677850970841276-pin-id-1121677850970841276-story-1.jpg,PASS,71.79,half_body,1.0,PASS,sim=1.000 qual=1.000 det=0.812,,PASS,disabled,0.4457,PASS,clip_sim=0.261,1.9,REJECT,aesthetic=1.9/10 (low quality),0.4473,PASS,skin_delta=13.8,0.6652,PASS,lapvar=143.1,1.0,PASS,black=0.7% white=0.0%,,PASS,mediapipe_unavailable,PASS,unique,aesthetic(REJECT),outfit
img_0104.jpg,REVIEW,70.94999694824219,half_body,0.8125,PASS,sim=0.732 qual=1.000 det=0.811,,PASS,disabled,0.4846,PASS,clip_sim=0.271,2.49,REJECT,aesthetic=2.5/10 (low quality),0.5505,PASS,skin_delta=11.2,1.0,PASS,lapvar=355.7,1.0,PASS,black=0.8% white=0.0%,,PASS,mediapipe_unavailable,REVIEW,semantic_near_dup_clip:0.852,aesthetic(REJECT),outfit
From Klickpin.com- 1121677850970841274-pin-id-1121677850970841274.jpg,REVIEW,65.80999755859375,half_body,1.0,PASS,sim=1.000 qual=1.000 det=0.846,,PASS,disabled,0.4132,PASS,clip_sim=0.253,2.43,REJECT,aesthetic=2.4/10 (low quality),0.0,REVIEW,skin_delta=25.8,1.0,PASS,lapvar=1349.1,1.0,PASS,black=2.3% white=0.1%,,PASS,mediapipe_unavailable,REVIEW,semantic_near_dup_clip:0.863,aesthetic(REJECT); skin(REVIEW),outfit
img_0066.jpg,PASS,62.91999816894531,half_body,0.6869999766349792,PASS,sim=0.553 qual=1.000 det=0.748,,PASS,disabled,0.4826,PASS,clip_sim=0.271,3.04,REJECT,aesthetic=3.0/10 (low quality),0.3626,PASS,skin_delta=15.9,1.0,PASS,lapvar=241.9,1.0,PASS,black=0.7% white=0.0%,,PASS,mediapipe_unavailable,PASS,unique,aesthetic(REJECT),outfit
img_0057.jpg,REVIEW,64.61000061035156,half_body,0.5863999724388123,REVIEW,sim=0.409 qual=1.000,,PASS,disabled,0.4377,PASS,clip_sim=0.259,1.74,REJECT,aesthetic=1.7/10 (low quality),0.7417,PASS,skin_delta=6.5,1.0,PASS,lapvar=655.7,0.9643,REVIEW,black=6.4% white=0.0%,,PASS,mediapipe_unavailable,REVIEW,semantic_near_dup_clip:0.857,archetype(REVIEW); aesthetic(REJECT); exposure(REVIEW),pose
img_0065.jpg,REVIEW,52.959999084472656,half_body,0.510200023651123,REVIEW,sim=0.300 qual=1.000,,PASS,disabled,0.4026,PASS,clip_sim=0.251,3.34,REJECT,aesthetic=3.3/10 (low quality),0.2883,PASS,skin_delta=17.8,1.0,PASS,lapvar=2658.2,1.0,PASS,black=1.0% white=3.2%,,PASS,mediapipe_unavailable,PASS,unique,archetype(REVIEW); aesthetic(REJECT),pose
img_0056.jpg,REJECT,75.31,half_body,0.9901999831199646,PASS,sim=0.986 qual=1.000 det=0.768,,PASS,disabled,0.4311,PASS,clip_sim=0.258,2.05,REJECT,aesthetic=2.0/10 (low quality),0.7642,PASS,skin_delta=5.9,0.5013,REVIEW,lapvar=115.2,1.0,PASS,black=1.2% white=0.0%,,PASS,mediapipe_unavailable,REJECT,exact_dup_p:0_d:0,aesthetic(REJECT); blur(REVIEW),reject
From Klickpin.com- 1121677850970841652-pin-id-1121677850970841652.jpg,REJECT,35.0,half_body,0.47279998660087585,REJECT,sim=0.247 (too low),,PASS,disabled,0.4791,PASS,clip_sim=0.270,1.85,REJECT,aesthetic=1.9/10 (low quality),0.1096,PASS,skin_delta=22.3,0.6013,PASS,lapvar=132.2,1.0,PASS,black=0.1% white=0.0%,,PASS,mediapipe_unavailable,REVIEW,semantic_near_dup_clip:0.869,archetype(REJECT); aesthetic(REJECT),reject
From Klickpin.com- 1121677850970841654-pin-id-1121677850970841654.jpg,REJECT,35.0,half_body,0.45100000500679016,REJECT,sim=0.216 (too low),,PASS,disabled,0.3873,REVIEW,clip_sim=0.247,3.16,REJECT,aesthetic=3.2/10 (low quality),0.0,REVIEW,skin_delta=26.1,0.922,PASS,lapvar=186.7,1.0,PASS,black=2.3% white=0.2%,,PASS,mediapipe_unavailable,REVIEW,semantic_near_dup_clip:0.873,archetype(REJECT); semantic(REVIEW); aesthetic(REJECT); skin(REVIEW),reject
From Klickpin.com- 1121677850970841765-pin-id-1121677850970841765.jpg,REJECT,35.0,portrait,0.49959999322891235,REJECT,sim=0.285 (too low),,PASS,disabled,0.321,REVIEW,clip_sim=0.230,2.61,REJECT,aesthetic=2.6/10 (low quality),0.0,REJECT,skin_delta=53.8 (wrong tone),0.6704,PASS,lapvar=144.0,1.0,PASS,black=0.0% white=0.0%,,PASS,mediapipe_unavailable,PASS,unique,archetype(REJECT); semantic(REVIEW); aesthetic(REJECT); skin(REJECT),reject
From Klickpin.com- 1121677850970841771-pin-id-1121677850970841771.jpg,REJECT,35.0,portrait,0.544700026512146,REVIEW,sim=0.350 qual=1.000,,PASS,disabled,0.2676,REVIEW,clip_sim=0.217,1.74,REJECT,aesthetic=1.7/10 (low quality),0.0,REJECT,skin_delta=32.4 (wrong tone),1.0,PASS,lapvar=419.0,1.0,PASS,black=1.4% white=0.1%,,PASS,mediapipe_unavailable,PASS,unique,archetype(REVIEW); semantic(REVIEW); aesthetic(REJECT); skin(REJECT),reject
From Klickpin.com- 1121677850970841838-pin-id-1121677850970841838.jpg,REJECT,35.0,portrait,0.49959999322891235,REJECT,sim=0.285 (too low),,PASS,disabled,0.321,REVIEW,clip_sim=0.230,2.61,REJECT,aesthetic=2.6/10 (low quality),0.0,REJECT,skin_delta=53.8 (wrong tone),0.6704,PASS,lapvar=144.0,1.0,PASS,black=0.0% white=0.0%,,PASS,mediapipe_unavailable,REJECT,exact_dup_p:0_d:0,archetype(REJECT); semantic(REVIEW); aesthetic(REJECT); skin(REJECT),reject
From Klickpin.com- 1121677850970841845-pin-id-1121677850970841845-story-1.jpg,REJECT,35.0,environmental,0.0,REJECT,no_face_detected,,PASS,disabled,0.3344,REVIEW,clip_sim=0.234,2.55,REJECT,aesthetic=2.6/10 (low quality),0.7246,PASS,skin_delta=6.9,1.0,PASS,lapvar=459.7,0.4329,REJECT,black=27.7% white=0.0%,,PASS,mediapipe_unavailable,REVIEW,semantic_near_dup_clip:0.856,archetype(REJECT); semantic(REVIEW); aesthetic(REJECT); exposure(REJECT),reject
From Klickpin.com- 1121677850970841846-pin-id-1121677850970841846-story-1.jpg,REJECT,35.0,environmental,0.0,REJECT,no_face_detected,,PASS,disabled,0.45,PASS,clip_sim=0.263,2.94,REJECT,aesthetic=2.9/10 (low quality),0.5221,PASS,skin_delta=11.9,0.4669,REVIEW,lapvar=109.4,1.0,PASS,black=0.6% white=0.0%,,PASS,mediapipe_unavailable,REVIEW,semantic_near_dup_clip:0.878,archetype(REJECT); aesthetic(REJECT); blur(REVIEW),reject
img_0001.jpg,REJECT,35.0,half_body,0.42260000109672546,REJECT,sim=0.175 (too low),,PASS,disabled,0.2752,REVIEW,clip_sim=0.219,2.0,REJECT,aesthetic=2.0/10 (low quality),0.0,REVIEW,skin_delta=27.9,0.6718,PASS,lapvar=144.2,1.0,PASS,black=3.9% white=1.3%,,PASS,mediapipe_unavailable,PASS,unique,archetype(REJECT); semantic(REVIEW); aesthetic(REJECT); skin(REVIEW),reject
img_0004.png,REJECT,35.0,portrait,0.4251999855041504,REJECT,sim=0.179 (too low),,PASS,disabled,0.3332,REVIEW,clip_sim=0.233,1.18,REJECT,aesthetic=1.2/10 (low quality),0.0,REVIEW,skin_delta=27.7,0.4854,REVIEW,lapvar=112.5,1.0,PASS,black=0.3% white=0.1%,,PASS,mediapipe_unavailable,PASS,unique,archetype(REJECT); semantic(REVIEW); aesthetic(REJECT); skin(REVIEW); blur(REVIEW),reject
img_0005.jpg,REJECT,35.0,portrait,0.4507000148296356,REJECT,sim=0.215 (too low),,PASS,disabled,0.3792,REVIEW,clip_sim=0.245,3.38,REJECT,aesthetic=3.4/10 (low quality),0.3926,PASS,skin_delta=15.2,0.7005,PASS,lapvar=149.1,1.0,PASS,black=0.3% white=0.2%,,PASS,mediapipe_unavailable,PASS,unique,archetype(REJECT); semantic(REVIEW); aesthetic(REJECT),reject
img_0007.png,REJECT,35.0,half_body,0.39640000462532043,REJECT,sim=0.138 (too low),,PASS,disabled,0.1828,REJECT,clip_sim=0.196 (wrong subject),1.91,REJECT,aesthetic=1.9/10 (low quality),0.2183,PASS,skin_delta=19.5,1.0,PASS,lapvar=499.2,1.0,PASS,black=1.2% white=0.1%,,PASS,mediapipe_unavailable,PASS,unique,archetype(REJECT); semantic(REJECT); aesthetic(REJECT),reject
img_0008.jpg,REJECT,35.0,portrait,0.4237000048160553,REJECT,sim=0.177 (too low),,PASS,disabled,0.3593,REVIEW,clip_sim=0.240,0.81,REJECT,aesthetic=0.8/10 (low quality),0.0911,PASS,skin_delta=22.7,1.0,PASS,lapvar=1003.2,1.0,PASS,black=1.0% white=0.7%,,PASS,mediapipe_unavailable,PASS,unique,archetype(REJECT); semantic(REVIEW); aesthetic(REJECT),reject
img_0010.jpg,REJECT,35.0,environmental,0.43140000104904175,REJECT,sim=0.188 (too low),,PASS,disabled,0.2588,REVIEW,clip_sim=0.215,1.92,REJECT,aesthetic=1.9/10 (low quality),0.8075,PASS,skin_delta=4.8,1.0,PASS,lapvar=489.8,1.0,PASS,black=0.7% white=0.2%,,PASS,mediapipe_unavailable,PASS,unique,archetype(REJECT); semantic(REVIEW); aesthetic(REJECT),reject
img_0011.jpg,REJECT,35.0,closeup,0.3118000030517578,REJECT,sim=0.017 (too low),,PASS,disabled,0.3643,REVIEW,clip_sim=0.241,2.25,REJECT,aesthetic=2.2/10 (low quality),0.0,REJECT,skin_delta=41.4 (wrong tone),1.0,PASS,lapvar=337.7,0.9882,REVIEW,black=5.5% white=0.0%,,PASS,mediapipe_unavailable,PASS,unique,archetype(REJECT); semantic(REVIEW); aesthetic(REJECT); skin(REJECT); exposure(REVIEW),reject
img_0014.jpg,REJECT,35.0,half_body,0.33959999680519104,REJECT,sim=0.057 (too low),,PASS,disabled,0.2078,REVIEW,clip_sim=0.202,2.81,REJECT,aesthetic=2.8/10 (low quality),0.7543,PASS,skin_delta=6.1,1.0,PASS,lapvar=748.0,1.0,PASS,black=2.1% white=0.1%,,PASS,mediapipe_unavailable,PASS,unique,archetype(REJECT); semantic(REVIEW); aesthetic(REJECT),reject
img_0016.jpg,REJECT,35.0,portrait,0.37470000982284546,REJECT,sim=0.107 (too low),,PASS,disabled,0.3648,REVIEW,clip_sim=0.241,1.66,REJECT,aesthetic=1.7/10 (low quality),0.0,REJECT,skin_delta=32.1 (wrong tone),0.5632,PASS,lapvar=125.7,1.0,PASS,black=1.2% white=0.5%,,PASS,mediapipe_unavailable,PASS,unique,archetype(REJECT); semantic(REVIEW); aesthetic(REJECT); skin(REJECT),reject
img_0019.jpg,REJECT,35.0,half_body,0.5813000202178955,REVIEW,sim=0.402 qual=1.000,,PASS,disabled,0.4833,PASS,clip_sim=0.271,2.37,REJECT,aesthetic=2.4/10 (low quality),0.0,REJECT,skin_delta=72.2 (wrong tone),1.0,PASS,lapvar=712.8,1.0,PASS,black=0.0% white=0.1%,,PASS,mediapipe_unavailable,PASS,unique,archetype(REVIEW); aesthetic(REJECT); skin(REJECT),reject
img_0021.jpg,REJECT,35.0,environmental,0.2858999967575073,REJECT,sim=-0.020 (too low),,PASS,disabled,0.1464,REJECT,clip_sim=0.187 (wrong subject),1.49,REJECT,aesthetic=1.5/10 (low quality),0.6632,PASS,skin_delta=8.4,1.0,PASS,lapvar=202.1,1.0,PASS,black=3.6% white=0.2%,,PASS,mediapipe_unavailable,PASS,unique,archetype(REJECT); semantic(REJECT); aesthetic(REJECT),reject
img_0024.jpg,REJECT,35.0,half_body,0.2791999876499176,REJECT,sim=-0.030 (too low),,PASS,disabled,0.1901,REJECT,clip_sim=0.198 (wrong subject),2.33,REJECT,aesthetic=2.3/10 (low quality),0.6624,PASS,skin_delta=8.4,0.5233,REVIEW,lapvar=119.0,1.0,PASS,black=0.0% white=0.0%,,PASS,mediapipe_unavailable,PASS,unique,archetype(REJECT); semantic(REJECT); aesthetic(REJECT); blur(REVIEW),reject
img_0024_hazel_gree.jpg,REJECT,35.0,portrait,0.4413999915122986,REJECT,sim=0.202 (too low),,PASS,disabled,0.3332,REVIEW,clip_sim=0.233,2.09,REJECT,aesthetic=2.1/10 (low quality),0.0,REJECT,skin_delta=43.7 (wrong tone),1.0,PASS,lapvar=304.8,0.9963,REVIEW,black=5.1% white=0.0%,,PASS,mediapipe_unavailable,PASS,unique,archetype(REJECT); semantic(REVIEW); aesthetic(REJECT); skin(REJECT); exposure(REVIEW),reject
img_0025_hazel_gree.jpg,REJECT,35.0,portrait,0.43529999256134033,REJECT,sim=0.193 (too low),,PASS,disabled,0.2682,REVIEW,clip_sim=0.217,3.92,REJECT,aesthetic=3.9/10 (low quality),0.0,REVIEW,skin_delta=30.1,0.904,PASS,lapvar=183.7,1.0,PASS,black=3.4% white=0.0%,,PASS,mediapipe_unavailable,PASS,unique,archetype(REJECT); semantic(REVIEW); aesthetic(REJECT); skin(REVIEW),reject
img_0027.jpg,REJECT,35.0,closeup,0.35839998722076416,REJECT,sim=0.083 (too low),,PASS,disabled,0.1847,REJECT,clip_sim=0.196 (wrong subject),2.3,REJECT,aesthetic=2.3/10 (low quality),0.0,REJECT,skin_delta=54.2 (wrong tone),1.0,PASS,lapvar=468.2,1.0,PASS,black=2.2% white=1.4%,,PASS,mediapipe_unavailable,PASS,unique,archetype(REJECT); semantic(REJECT); aesthetic(REJECT); skin(REJECT),reject
img_0042.jpg,REJECT,35.0,half_body,0.4512999951839447,REJECT,sim=0.216 (too low),,PASS,disabled,0.2815,REVIEW,clip_sim=0.220,2.05,REJECT,aesthetic=2.0/10 (low quality),0.161,PASS,skin_delta=21.0,0.5062,REVIEW,lapvar=116.0,1.0,PASS,black=1.4% white=0.0%,,PASS,mediapipe_unavailable,PASS,unique,archetype(REJECT); semantic(REVIEW); aesthetic(REJECT); blur(REVIEW),reject
img_0043.jpg,REJECT,35.0,half_body,0.33889999985694885,REJECT,sim=0.056 (too low),,PASS,disabled,0.1902,REJECT,clip_sim=0.198 (wrong subject),2.54,REJECT,aesthetic=2.5/10 (low quality),0.4204,PASS,skin_delta=14.5,1.0,PASS,lapvar=233.6,1.0,PASS,black=0.0% white=0.0%,,PASS,mediapipe_unavailable,PASS,unique,archetype(REJECT); semantic(REJECT); aesthetic(REJECT),reject
img_0044.jpg,REJECT,35.0,portrait,0.43230000138282776,REJECT,sim=0.189 (too low),,PASS,disabled,0.2295,REVIEW,clip_sim=0.207,2.85,REJECT,aesthetic=2.9/10 (low quality),0.0,REVIEW,skin_delta=31.6,1.0,PASS,lapvar=827.5,1.0,PASS,black=0.1% white=0.0%,,PASS,mediapipe_unavailable,PASS,unique,archetype(REJECT); semantic(REVIEW); aesthetic(REJECT); skin(REVIEW),reject
img_0045.jpg,REJECT,35.0,half_body,0.45489999651908875,REJECT,sim=0.221 (too low),,PASS,disabled,0.2418,REVIEW,clip_sim=0.210,2.12,REJECT,aesthetic=2.1/10 (low quality),0.4503,PASS,skin_delta=13.7,1.0,PASS,lapvar=903.3,0.9917,REVIEW,black=5.3% white=0.3%,,PASS,mediapipe_unavailable,PASS,unique,archetype(REJECT); semantic(REVIEW); aesthetic(REJECT); exposure(REVIEW),reject
img_0048.jpg,REJECT,35.0,portrait,0.3716000020503998,REJECT,sim=0.102 (too low),,PASS,disabled,0.225,REVIEW,clip_sim=0.206,3.56,REJECT,aesthetic=3.6/10 (low quality),0.1885,PASS,skin_delta=20.3,0.7162,PASS,lapvar=151.8,1.0,PASS,black=2.9% white=0.0%,,PASS,mediapipe_unavailable,PASS,unique,archetype(REJECT); semantic(REVIEW); aesthetic(REJECT),reject
img_0049.jpg,REJECT,35.0,environmental,0.29600000381469727,REJECT,sim=-0.006 (too low),,PASS,disabled,0.289,REVIEW,clip_sim=0.222,2.04,REJECT,aesthetic=2.0/10 (low quality),0.5557,PASS,skin_delta=11.1,1.0,PASS,lapvar=280.5,1.0,PASS,black=0.3% white=0.4%,,PASS,mediapipe_unavailable,PASS,unique,archetype(REJECT); semantic(REVIEW); aesthetic(REJECT),reject
img_0058.jpg,REJECT,35.0,half_body,0.4880000054836273,REJECT,sim=0.269 (too low),,PASS,disabled,0.4363,PASS,clip_sim=0.259,1.95,REJECT,aesthetic=2.0/10 (low quality),0.4783,PASS,skin_delta=13.0,1.0,PASS,lapvar=827.5,1.0,PASS,black=0.1% white=0.1%,,PASS,mediapipe_unavailable,REVIEW,semantic_near_dup_clip:0.880,archetype(REJECT); aesthetic(REJECT),reject
img_0059.jpg,REJECT,35.0,half_body,0.4713999927043915,REJECT,sim=0.245 (too low),,PASS,disabled,0.43,PASS,clip_sim=0.258,2.04,REJECT,aesthetic=2.0/10 (low quality),0.551,PASS,skin_delta=11.2,1.0,PASS,lapvar=1256.8,1.0,PASS,black=1.7% white=0.4%,,PASS,mediapipe_unavailable,REJECT,semantic_dup_clip:0.933,archetype(REJECT); aesthetic(REJECT),reject
img_0061.jpg,REJECT,35.0,environmental,0.489300012588501,REJECT,sim=0.270 (too low),,PASS,disabled,0.3207,REVIEW,clip_sim=0.230,2.33,REJECT,aesthetic=2.3/10 (low quality),0.0,REVIEW,skin_delta=27.9,1.0,PASS,lapvar=381.9,1.0,PASS,black=0.6% white=0.1%,,PASS,mediapipe_unavailable,PASS,unique,archetype(REJECT); semantic(REVIEW); aesthetic(REJECT); skin(REVIEW),reject
img_0062.jpg,REJECT,35.0,environmental,0.4925999939441681,REJECT,sim=0.275 (too low),,PASS,disabled,0.2105,REVIEW,clip_sim=0.203,1.95,REJECT,aesthetic=2.0/10 (low quality),0.6233,PASS,skin_delta=9.4,1.0,PASS,lapvar=1962.0,1.0,PASS,black=0.1% white=3.4%,,PASS,mediapipe_unavailable,PASS,unique,archetype(REJECT); semantic(REVIEW); aesthetic(REJECT),reject
img_0068.jpg,REJECT,35.0,half_body,0.46399998664855957,REJECT,sim=0.234 (too low),,PASS,disabled,0.212,REVIEW,clip_sim=0.203,2.51,REJECT,aesthetic=2.5/10 (low quality),0.5626,PASS,skin_delta=10.9,1.0,PASS,lapvar=201.7,1.0,PASS,black=2.2% white=0.0%,,PASS,mediapipe_unavailable,PASS,unique,archetype(REJECT); semantic(REVIEW); aesthetic(REJECT),reject
img_0069.jpg,REJECT,35.0,half_body,0.46709999442100525,REJECT,sim=0.239 (too low),,PASS,disabled,0.2111,REVIEW,clip_sim=0.203,2.25,REJECT,aesthetic=2.2/10 (low quality),0.6001,PASS,skin_delta=10.0,0.4317,REVIEW,lapvar=103.4,1.0,PASS,black=0.1% white=0.0%,,PASS,mediapipe_unavailable,PASS,unique,archetype(REJECT); semantic(REVIEW); aesthetic(REJECT); blur(REVIEW),reject
img_0070.jpg,REJECT,35.0,portrait,0.4447000026702881,REJECT,sim=0.207 (too low),,PASS,disabled,0.1615,REJECT,clip_sim=0.190 (wrong subject),2.5,REJECT,aesthetic=2.5/10 (low quality),0.0,REVIEW,skin_delta=25.2,0.5996,PASS,lapvar=131.9,1.0,PASS,black=0.1% white=0.0%,,PASS,mediapipe_unavailable,PASS,unique,archetype(REJECT); semantic(REJECT); aesthetic(REJECT); skin(REVIEW),reject
img_0072.jpg,REJECT,35.0,half_body,0.476500004529953,REJECT,sim=0.252 (too low),,PASS,disabled,0.239,REVIEW,clip_sim=0.210,2.53,REJECT,aesthetic=2.5/10 (low quality),0.7012,PASS,skin_delta=7.5,0.3505,REVIEW,lapvar=89.6,0.8234,REVIEW,black=12.1% white=0.8%,,PASS,mediapipe_unavailable,PASS,unique,archetype(REJECT); semantic(REVIEW); aesthetic(REJECT); blur(REVIEW); exposure(REVIEW),reject
img_0073.jpg,REJECT,35.0,portrait,0.48399999737739563,REJECT,sim=0.263 (too low),,PASS,disabled,0.3074,REVIEW,clip_sim=0.227,2.56,REJECT,aesthetic=2.6/10 (low quality),0.726,PASS,skin_delta=6.8,0.4013,REVIEW,lapvar=98.2,1.0,PASS,black=0.7% white=0.0%,,PASS,mediapipe_unavailable,PASS,unique,archetype(REJECT); semantic(REVIEW); aesthetic(REJECT); blur(REVIEW),reject
img_0074.jpg,REJECT,35.0,portrait,0.4717000126838684,REJECT,sim=0.245 (too low),,PASS,disabled,0.2438,REVIEW,clip_sim=0.211,2.6,REJECT,aesthetic=2.6/10 (low quality),0.7152,PASS,skin_delta=7.1,0.4354,REVIEW,lapvar=104.0,1.0,PASS,black=0.6% white=0.1%,,PASS,mediapipe_unavailable,REVIEW,semantic_near_dup_clip:0.856,archetype(REJECT); semantic(REVIEW); aesthetic(REJECT); blur(REVIEW),reject
img_0083.jpg,REJECT,35.0,environmental,0.47360000014305115,REJECT,sim=0.248 (too low),,PASS,disabled,0.2778,REVIEW,clip_sim=0.219,2.88,REJECT,aesthetic=2.9/10 (low quality),0.6301,PASS,skin_delta=9.2,1.0,PASS,lapvar=222.4,0.9998,REVIEW,black=5.0% white=0.9%,,PASS,mediapipe_unavailable,PASS,unique,archetype(REJECT); semantic(REVIEW); aesthetic(REJECT); exposure(REVIEW),reject
img_0091.jpg,REJECT,35.0,portrait,0.4871000051498413,REJECT,sim=0.267 (too low),,PASS,disabled,0.3282,REVIEW,clip_sim=0.232,2.32,REJECT,aesthetic=2.3/10 (low quality),0.0,REJECT,skin_delta=64.1 (wrong tone),1.0,PASS,lapvar=575.5,0.9687,REVIEW,black=6.3% white=0.0%,,PASS,mediapipe_unavailable,PASS,unique,archetype(REJECT); semantic(REVIEW); aesthetic(REJECT); skin(REJECT); exposure(REVIEW),reject
img_0093.jpg,REJECT,35.0,environmental,0.46630001068115234,REJECT,sim=0.238 (too low),,PASS,disabled,0.3125,REVIEW,clip_sim=0.228,1.57,REJECT,aesthetic=1.6/10 (low quality),0.5681,PASS,skin_delta=10.8,0.6586,PASS,lapvar=142.0,1.0,PASS,black=0.9% white=1.6%,,PASS,mediapipe_unavailable,PASS,unique,archetype(REJECT); semantic(REVIEW); aesthetic(REJECT),reject
img_0095.jpg,REJECT,35.0,environmental,0.4388999938964844,REJECT,sim=0.198 (too low),,PASS,disabled,0.2093,REVIEW,clip_sim=0.202,1.93,REJECT,aesthetic=1.9/10 (low quality),0.2241,PASS,skin_delta=19.4,1.0,PASS,lapvar=207.4,1.0,PASS,black=4.0% white=0.0%,,PASS,mediapipe_unavailable,PASS,unique,archetype(REJECT); semantic(REVIEW); aesthetic(REJECT),reject
img_0096.jpg,REJECT,35.0,environmental,0.4431999921798706,REJECT,sim=0.205 (too low),,PASS,disabled,0.3868,REVIEW,clip_sim=0.247,1.87,REJECT,aesthetic=1.9/10 (low quality),0.0,REJECT,skin_delta=36.5 (wrong tone),1.0,PASS,lapvar=838.8,1.0,PASS,black=0.2% white=0.5%,,PASS,mediapipe_unavailable,PASS,unique,archetype(REJECT); semantic(REVIEW); aesthetic(REJECT); skin(REJECT),reject
img_0098.jpg,REJECT,35.0,half_body,0.3573000133037567,REJECT,sim=0.082 (too low),,PASS,disabled,0.3457,REVIEW,clip_sim=0.236,2.11,REJECT,aesthetic=2.1/10 (low quality),0.7364,PASS,skin_delta=6.6,1.0,PASS,lapvar=233.6,1.0,PASS,black=2.1% white=0.1%,,PASS,mediapipe_unavailable,PASS,unique,archetype(REJECT); semantic(REVIEW); aesthetic(REJECT),reject
img_0101.jpg,REJECT,35.0,half_body,0.5835000276565552,REVIEW,sim=0.405 qual=1.000,,PASS,disabled,0.4342,PASS,clip_sim=0.259,2.05,REJECT,aesthetic=2.0/10 (low quality),0.0,REJECT,skin_delta=51.6 (wrong tone),1.0,PASS,lapvar=211.2,1.0,PASS,black=3.2% white=0.2%,,PASS,mediapipe_unavailable,REVIEW,semantic_near_dup_clip:0.865,archetype(REVIEW); aesthetic(REJECT); skin(REJECT),reject
img_0102.jpg,REJECT,35.0,portrait,0.5070000290870667,REJECT,sim=0.296 (too low),,PASS,disabled,0.4166,PASS,clip_sim=0.254,3.41,REJECT,aesthetic=3.4/10 (low quality),0.3855,PASS,skin_delta=15.4,1.0,PASS,lapvar=374.6,0.9498,REVIEW,black=7.0% white=0.0%,,PASS,mediapipe_unavailable,PASS,unique,archetype(REJECT); aesthetic(REJECT); exposure(REVIEW),reject
img_0103.jpg,REJECT,35.0,portrait,0.48330000042915344,REJECT,sim=0.262 (too low),,PASS,disabled,0.2204,REVIEW,clip_sim=0.205,2.13,REJECT,aesthetic=2.1/10 (low quality),0.2165,PASS,skin_delta=19.6,0.302,REVIEW,lapvar=81.3,0.9533,REVIEW,black=6.9% white=0.0%,,PASS,mediapipe_unavailable,PASS,unique,archetype(REJECT); semantic(REVIEW); aesthetic(REJECT); blur(REVIEW); exposure(REVIEW),reject
img_0116.jpg,REJECT,35.0,portrait,0.436599999666214,REJECT,sim=0.195 (too low),,PASS,disabled,0.3582,REVIEW,clip_sim=0.240,2.49,REJECT,aesthetic=2.5/10 (low quality),0.0,REJECT,skin_delta=35.5 (wrong tone),0.6876,PASS,lapvar=146.9,0.5749,REVIEW,black=20.6% white=6.4%,,PASS,mediapipe_unavailable,PASS,unique,archetype(REJECT); semantic(REVIEW); aesthetic(REJECT); skin(REJECT); exposure(REVIEW),reject
img_0118.jpg,REJECT,35.0,portrait,0.5277000069618225,REVIEW,sim=0.325 qual=1.000,,PASS,disabled,0.3014,REVIEW,clip_sim=0.225,2.85,REJECT,aesthetic=2.9/10 (low quality),0.0,REJECT,skin_delta=50.4 (wrong tone),1.0,PASS,lapvar=285.2,1.0,PASS,black=0.0% white=0.0%,,PASS,mediapipe_unavailable,REVIEW,semantic_near_dup_clip:0.877,archetype(REVIEW); semantic(REVIEW); aesthetic(REJECT); skin(REJECT),reject
img_0119.jpg,REJECT,35.0,environmental,0.37389999628067017,REJECT,sim=0.106 (too low),,PASS,disabled,0.1891,REJECT,clip_sim=0.197 (wrong subject),2.66,REJECT,aesthetic=2.7/10 (low quality),0.0,REVIEW,skin_delta=27.0,1.0,PASS,lapvar=4221.3,1.0,PASS,black=0.1% white=0.4%,,PASS,mediapipe_unavailable,PASS,unique,archetype(REJECT); semantic(REJECT); aesthetic(REJECT); skin(REVIEW),reject
img_0129.jpg,REJECT,35.0,environmental,0.4551999866962433,REJECT,sim=0.222 (too low),,PASS,disabled,0.2214,REVIEW,clip_sim=0.205,1.48,REJECT,aesthetic=1.5/10 (low quality),0.0,REVIEW,skin_delta=28.7,0.6402,PASS,lapvar=138.8,1.0,PASS,black=0.8% white=0.0%,,PASS,mediapipe_unavailable,PASS,unique,archetype(REJECT); semantic(REVIEW); aesthetic(REJECT); skin(REVIEW),reject
img_0131.jpg,REJECT,35.0,environmental,0.4693000018596649,REJECT,sim=0.242 (too low),,PASS,disabled,0.103,REJECT,clip_sim=0.176 (wrong subject),1.41,REJECT,aesthetic=1.4/10 (low quality),0.5495,PASS,skin_delta=11.3,0.652,PASS,lapvar=140.8,1.0,PASS,black=1.9% white=0.0%,,PASS,mediapipe_unavailable,PASS,unique,archetype(REJECT); semantic(REJECT); aesthetic(REJECT),reject
img_0134.jpg,REJECT,35.0,portrait,0.4399999976158142,REJECT,sim=0.200 (too low),,PASS,disabled,0.2296,REVIEW,clip_sim=0.207,1.0,REJECT,aesthetic=1.0/10 (low quality),0.0,REVIEW,skin_delta=29.8,1.0,PASS,lapvar=301.4,1.0,PASS,black=2.6% white=0.0%,,PASS,mediapipe_unavailable,PASS,unique,archetype(REJECT); semantic(REVIEW); aesthetic(REJECT); skin(REVIEW),reject
img_0140.jpg,REJECT,35.0,half_body,0.48570001125335693,REJECT,sim=0.265 (too low),,PASS,disabled,0.3405,REVIEW,clip_sim=0.235,2.86,REJECT,aesthetic=2.9/10 (low quality),0.0,REVIEW,skin_delta=27.2,0.4076,REVIEW,lapvar=99.3,1.0,PASS,black=3.2% white=0.0%,,PASS,mediapipe_unavailable,REVIEW,semantic_near_dup_clip:0.853,archetype(REJECT); semantic(REVIEW); aesthetic(REJECT); skin(REVIEW); blur(REVIEW),reject
img_0143.jpg,REJECT,35.0,environmental,0.5088000297546387,REJECT,sim=0.298 (too low),,PASS,disabled,0.0,REJECT,clip_sim=0.141 (wrong subject),3.1,REJECT,aesthetic=3.1/10 (low quality),,REVIEW,no_skin_detected,0.6308,PASS,lapvar=137.2,1.0,PASS,black=0.6% white=0.0%,,PASS,mediapipe_unavailable,PASS,unique,archetype(REJECT); semantic(REJECT); aesthetic(REJECT); skin(REVIEW),reject
img_0145.jpg,REJECT,35.0,portrait,0.483599990606308,REJECT,sim=0.262 (too low),,PASS,disabled,0.2994,REVIEW,clip_sim=0.225,3.39,REJECT,aesthetic=3.4/10 (low quality),0.4956,PASS,skin_delta=12.6,1.0,PASS,lapvar=241.7,0.937,REVIEW,black=7.5% white=0.0%,,PASS,mediapipe_unavailable,PASS,unique,archetype(REJECT); semantic(REVIEW); aesthetic(REJECT); exposure(REVIEW),reject
img_0146.png,REJECT,35.0,portrait,0.6342999935150146,REVIEW,sim=0.478 qual=1.000,,PASS,disabled,0.3195,REVIEW,clip_sim=0.230,3.49,REJECT,aesthetic=3.5/10 (low quality),0.0,REJECT,skin_delta=46.0 (wrong tone),1.0,PASS,lapvar=228.4,1.0,PASS,black=0.2% white=0.0%,,PASS,mediapipe_unavailable,REVIEW,semantic_near_dup_clip:0.876,archetype(REVIEW); semantic(REVIEW); aesthetic(REJECT); skin(REJECT),reject
img_0150.jpg,REJECT,35.0,portrait,0.4440999925136566,REJECT,sim=0.206 (too low),,PASS,disabled,0.3447,REVIEW,clip_sim=0.236,1.58,REJECT,aesthetic=1.6/10 (low quality),0.3064,PASS,skin_delta=17.3,1.0,PASS,lapvar=1882.5,1.0,PASS,black=1.5% white=0.0%,,PASS,mediapipe_unavailable,PASS,unique,archetype(REJECT); semantic(REVIEW); aesthetic(REJECT),reject
img_0152.jpg,REJECT,35.0,portrait,0.5385000109672546,REVIEW,sim=0.341 qual=1.000,,PASS,disabled,0.3775,REVIEW,clip_sim=0.244,1.89,REJECT,aesthetic=1.9/10 (low quality),0.0,REJECT,skin_delta=32.3 (wrong tone),1.0,PASS,lapvar=326.4,1.0,PASS,black=1.1% white=0.2%,,PASS,mediapipe_unavailable,PASS,unique,archetype(REVIEW); semantic(REVIEW); aesthetic(REJECT); skin(REJECT),reject
img_0153.jpg,REJECT,35.0,half_body,0.49410000443458557,REJECT,sim=0.277 (too low),,PASS,disabled,0.2588,REVIEW,clip_sim=0.215,3.32,REJECT,aesthetic=3.3/10 (low quality),0.8319,PASS,skin_delta=4.2,0.9564,PASS,lapvar=192.6,1.0,PASS,black=0.4% white=0.3%,,PASS,mediapipe_unavailable,PASS,unique,archetype(REJECT); semantic(REVIEW); aesthetic(REJECT),reject
img_0172.jpg,REJECT,35.0,environmental,0.392300009727478,REJECT,sim=0.132 (too low),,PASS,disabled,0.2585,REVIEW,clip_sim=0.215,2.18,REJECT,aesthetic=2.2/10 (low quality),0.0,REJECT,skin_delta=52.7 (wrong tone),1.0,PASS,lapvar=256.2,1.0,PASS,black=1.6% white=0.0%,,PASS,mediapipe_unavailable,PASS,unique,archetype(REJECT); semantic(REVIEW); aesthetic(REJECT); skin(REJECT),reject
img_0174.jpg,REJECT,35.0,environmental,0.35370001196861267,REJECT,sim=0.077 (too low),,PASS,disabled,0.1091,REJECT,clip_sim=0.177 (wrong subject),2.33,REJECT,aesthetic=2.3/10 (low quality),0.2251,PASS,skin_delta=19.4,0.7438,PASS,lapvar=156.4,1.0,PASS,black=1.6% white=0.1%,,PASS,mediapipe_unavailable,REVIEW,semantic_near_dup_clip:0.884,archetype(REJECT); semantic(REJECT); aesthetic(REJECT),reject
img_0175.jpg,REJECT,35.0,environmental,0.4341000020503998,REJECT,sim=0.192 (too low),,PASS,disabled,0.126,REJECT,clip_sim=0.181 (wrong subject),2.37,REJECT,aesthetic=2.4/10 (low quality),0.8188,PASS,skin_delta=4.5,0.9992,PASS,lapvar=199.9,0.9061,REVIEW,black=8.8% white=0.0%,,PASS,mediapipe_unavailable,PASS,unique,archetype(REJECT); semantic(REJECT); aesthetic(REJECT); exposure(REVIEW),reject
img_0176.jpg,REJECT,35.0,environmental,0.4016000032424927,REJECT,sim=0.145 (too low),,PASS,disabled,0.1543,REJECT,clip_sim=0.189 (wrong subject),2.85,REJECT,aesthetic=2.9/10 (low quality),0.0,REVIEW,skin_delta=25.2,1.0,PASS,lapvar=1920.1,1.0,PASS,black=1.4% white=0.5%,,PASS,mediapipe_unavailable,PASS,unique,archetype(REJECT); semantic(REJECT); aesthetic(REJECT); skin(REVIEW),reject
img_0177.jpg,REJECT,35.0,environmental,0.39070001244544983,REJECT,sim=0.130 (too low),,PASS,disabled,0.0,REJECT,clip_sim=0.147 (wrong subject),3.07,REJECT,aesthetic=3.1/10 (low quality),0.4426,PASS,skin_delta=13.9,1.0,PASS,lapvar=399.8,1.0,PASS,black=1.2% white=0.0%,,PASS,mediapipe_unavailable,PASS,unique,archetype(REJECT); semantic(REJECT); aesthetic(REJECT),reject
img_0178.jpg,REJECT,35.0,half_body,0.38850000500679016,REJECT,sim=0.126 (too low),,PASS,disabled,0.2696,REVIEW,clip_sim=0.217,3.09,REJECT,aesthetic=3.1/10 (low quality),0.195,PASS,skin_delta=20.1,1.0,PASS,lapvar=2974.3,1.0,PASS,black=2.5% white=0.6%,,PASS,mediapipe_unavailable,REVIEW,semantic_near_dup_clip:0.896,archetype(REJECT); semantic(REVIEW); aesthetic(REJECT),reject
img_0189.jpg,REJECT,35.0,environmental,0.4025000035762787,REJECT,sim=0.146 (too low),,PASS,disabled,0.3081,REVIEW,clip_sim=0.227,2.41,REJECT,aesthetic=2.4/10 (low quality),0.6171,PASS,skin_delta=9.6,1.0,PASS,lapvar=410.0,0.9053,REVIEW,black=2.3% white=8.8%,,PASS,mediapipe_unavailable,PASS,unique,archetype(REJECT); semantic(REVIEW); aesthetic(REJECT); exposure(REVIEW),reject
img_0194.jpg,REJECT,35.0,portrait,0.3167000114917755,REJECT,sim=0.024 (too low),,PASS,disabled,0.0982,REJECT,clip_sim=0.175 (wrong subject),2.67,REJECT,aesthetic=2.7/10 (low quality),0.5035,PASS,skin_delta=12.4,1.0,PASS,lapvar=505.6,1.0,PASS,black=4.6% white=0.3%,,PASS,mediapipe_unavailable,PASS,unique,archetype(REJECT); semantic(REJECT); aesthetic(REJECT),reject
img_0212.jpg,REJECT,35.0,half_body,0.43529999256134033,REJECT,sim=0.193 (too low),,PASS,disabled,0.3885,REVIEW,clip_sim=0.247,2.62,REJECT,aesthetic=2.6/10 (low quality),0.0,REJECT,skin_delta=32.2 (wrong tone),1.0,PASS,lapvar=208.0,1.0,PASS,black=1.2% white=0.1%,,PASS,mediapipe_unavailable,PASS,unique,archetype(REJECT); semantic(REVIEW); aesthetic(REJECT); skin(REJECT),reject
img_0213.jpg,REJECT,35.0,half_body,0.3817000091075897,REJECT,sim=0.117 (too low),,PASS,disabled,0.3513,REVIEW,clip_sim=0.238,1.57,REJECT,aesthetic=1.6/10 (low quality),0.2276,PASS,skin_delta=19.3,0.9966,PASS,lapvar=199.4,1.0,PASS,black=0.8% white=0.6%,,PASS,mediapipe_unavailable,PASS,unique,archetype(REJECT); semantic(REVIEW); aesthetic(REJECT),reject
img_0216.jpg,REJECT,35.0,environmental,0.4415999948978424,REJECT,sim=0.202 (too low),,PASS,disabled,0.4348,PASS,clip_sim=0.259,2.18,REJECT,aesthetic=2.2/10 (low quality),0.4844,PASS,skin_delta=12.9,1.0,PASS,lapvar=378.7,0.9777,REVIEW,black=1.1% white=5.9%,,PASS,mediapipe_unavailable,PASS,unique,archetype(REJECT); aesthetic(REJECT); exposure(REVIEW),reject
img_0218.jpg,REJECT,35.0,half_body,0.4683000147342682,REJECT,sim=0.240 (too low),,PASS,disabled,0.3253,REVIEW,clip_sim=0.231,3.25,REJECT,aesthetic=3.2/10 (low quality),0.2651,PASS,skin_delta=18.4,1.0,PASS,lapvar=502.6,1.0,PASS,black=0.8% white=0.0%,,PASS,mediapipe_unavailable,PASS,unique,archetype(REJECT); semantic(REVIEW); aesthetic(REJECT),reject
img_0219.jpg,REJECT,35.0,environmental,0.4844000041484833,REJECT,sim=0.263 (too low),,PASS,disabled,0.2695,REVIEW,clip_sim=0.217,1.55,REJECT,aesthetic=1.5/10 (low quality),0.2314,PASS,skin_delta=19.2,1.0,PASS,lapvar=237.3,1.0,PASS,black=4.5% white=0.1%,,PASS,mediapipe_unavailable,PASS,unique,archetype(REJECT); semantic(REVIEW); aesthetic(REJECT),reject
img_0225.jpg,REJECT,35.0,half_body,0.4381999969482422,REJECT,sim=0.197 (too low),,PASS,disabled,0.2909,REVIEW,clip_sim=0.223,1.67,REJECT,aesthetic=1.7/10 (low quality),0.0,REVIEW,skin_delta=28.3,1.0,PASS,lapvar=879.8,1.0,PASS,black=2.4% white=0.4%,,PASS,mediapipe_unavailable,PASS,unique,archetype(REJECT); semantic(REVIEW); aesthetic(REJECT); skin(REVIEW),reject
img_0227.jpg,REJECT,35.0,portrait,0.435699999332428,REJECT,sim=0.194 (too low),,PASS,disabled,0.2953,REVIEW,clip_sim=0.224,1.35,REJECT,aesthetic=1.4/10 (low quality),0.0,REVIEW,skin_delta=28.9,1.0,PASS,lapvar=469.2,1.0,PASS,black=1.4% white=0.0%,,PASS,mediapipe_unavailable,PASS,unique,archetype(REJECT); semantic(REVIEW); aesthetic(REJECT); skin(REVIEW),reject
img_0228.jpg,REJECT,35.0,half_body,0.38040000200271606,REJECT,sim=0.115 (too low),,PASS,disabled,0.2556,REVIEW,clip_sim=0.214,1.47,REJECT,aesthetic=1.5/10 (low quality),0.6115,PASS,skin_delta=9.7,0.484,REVIEW,lapvar=112.3,0.9066,REVIEW,black=8.7% white=0.1%,,PASS,mediapipe_unavailable,PASS,unique,archetype(REJECT); semantic(REVIEW); aesthetic(REJECT); blur(REVIEW); exposure(REVIEW),reject
nyra_ref_001.jpg,REJECT,35.0,portrait,0.42089998722076416,REJECT,sim=0.173 (too low),,PASS,disabled,0.1181,REJECT,clip_sim=0.180 (wrong subject),1.81,REJECT,aesthetic=1.8/10 (low quality),0.875,PASS,skin_delta=3.1,0.589,PASS,lapvar=130.1,1.0,PASS,black=2.2% white=0.0%,,PASS,mediapipe_unavailable,PASS,unique,archetype(REJECT); semantic(REJECT); aesthetic(REJECT),reject
nyra_ref_004.jpg,REJECT,35.0,portrait,0.3797999918460846,REJECT,sim=0.114 (too low),,PASS,disabled,0.288,REVIEW,clip_sim=0.222,3.11,REJECT,aesthetic=3.1/10 (low quality),0.0,REVIEW,skin_delta=27.4,1.0,PASS,lapvar=1639.7,0.8735,REVIEW,black=10.1% white=0.8%,,PASS,mediapipe_unavailable,PASS,unique,archetype(REJECT); semantic(REVIEW); aesthetic(REJECT); skin(REVIEW); exposure(REVIEW),reject
nyra_ref_006.jpg,REJECT,35.0,environmental,0.37700000405311584,REJECT,sim=0.110 (too low),,PASS,disabled,0.2537,REVIEW,clip_sim=0.213,2.1,REJECT,aesthetic=2.1/10 (low quality),0.8911,PASS,skin_delta=2.7,1.0,PASS,lapvar=246.1,1.0,PASS,black=4.7% white=0.1%,,PASS,mediapipe_unavailable,PASS,unique,archetype(REJECT); semantic(REVIEW); aesthetic(REJECT),reject
nyra_ref_009.jpg,REJECT,35.0,portrait,0.34619998931884766,REJECT,sim=0.066 (too low),,PASS,disabled,0.2291,REVIEW,clip_sim=0.207,2.37,REJECT,aesthetic=2.4/10 (low quality),0.0,REJECT,skin_delta=43.9 (wrong tone),1.0,PASS,lapvar=388.7,0.9877,REVIEW,black=5.5% white=4.6%,,PASS,mediapipe_unavailable,PASS,unique,archetype(REJECT); semantic(REVIEW); aesthetic(REJECT); skin(REJECT); exposure(REVIEW),reject
nyra_ref_013.jpg,REJECT,35.0,portrait,0.4636000096797943,REJECT,sim=0.234 (too low),,PASS,disabled,0.3009,REVIEW,clip_sim=0.225,2.04,REJECT,aesthetic=2.0/10 (low quality),0.4124,PASS,skin_delta=14.7,0.0436,REJECT,lapvar=37.4 (too blurry),0.9895,REVIEW,black=5.4% white=0.0%,,PASS,mediapipe_unavailable,PASS,unique,archetype(REJECT); semantic(REVIEW); aesthetic(REJECT); blur(REJECT); exposure(REVIEW),reject
nyra_ref_014.jpg,REJECT,35.0,environmental,0.0,REJECT,no_face_detected,,PASS,disabled,0.2257,REVIEW,clip_sim=0.206,2.93,REJECT,aesthetic=2.9/10 (low quality),0.7469,PASS,skin_delta=6.3,1.0,PASS,lapvar=248.8,1.0,PASS,black=0.0% white=0.0%,,PASS,mediapipe_unavailable,PASS,unique,archetype(REJECT); semantic(REVIEW); aesthetic(REJECT),reject
nyra_ref_015.jpg,REJECT,35.0,half_body,0.42260000109672546,REJECT,sim=0.175 (too low),,PASS,disabled,0.2752,REVIEW,clip_sim=0.219,2.0,REJECT,aesthetic=2.0/10 (low quality),0.0,REVIEW,skin_delta=27.9,0.6718,PASS,lapvar=144.2,1.0,PASS,black=3.9% white=1.3%,,PASS,mediapipe_unavailable,REJECT,exact_dup_p:0_d:0,archetype(REJECT); semantic(REVIEW); aesthetic(REJECT); skin(REVIEW),reject
nyra_ref_016.jpg,REJECT,35.0,portrait,0.40310001373291016,REJECT,sim=0.147 (too low),,PASS,disabled,0.3687,REVIEW,clip_sim=0.242,1.06,REJECT,aesthetic=1.1/10 (low quality),0.7643,PASS,skin_delta=5.9,0.2667,REVIEW,lapvar=75.3,0.5217,REVIEW,black=24.1% white=0.7%,,PASS,mediapipe_unavailable,PASS,unique,archetype(REJECT); semantic(REVIEW); aesthetic(REJECT); blur(REVIEW); exposure(REVIEW),reject
img_0207.jpg,REJECT,34.75,environmental,0.3312000036239624,REJECT,sim=0.045 (too low),,PASS,disabled,0.3401,REVIEW,clip_sim=0.235,1.75,REJECT,aesthetic=1.8/10 (low quality),0.0,REVIEW,skin_delta=31.4,0.4779,REVIEW,lapvar=111.3,1.0,PASS,black=1.1% white=0.6%,,PASS,mediapipe_unavailable,PASS,unique,archetype(REJECT); semantic(REVIEW); aesthetic(REJECT); skin(REVIEW); blur(REVIEW),reject
img_0037.jpg,REJECT,34.59000015258789,portrait,0.42579999566078186,REJECT,sim=0.180 (too low),,PASS,disabled,0.1202,REJECT,clip_sim=0.180 (wrong subject),2.82,REJECT,aesthetic=2.8/10 (low quality),0.0,REVIEW,skin_delta=28.3,1.0,PASS,lapvar=200.9,0.7412,REVIEW,black=15.4% white=0.0%,,PASS,mediapipe_unavailable,PASS,unique,archetype(REJECT); semantic(REJECT); aesthetic(REJECT); skin(REVIEW); exposure(REVIEW),reject
img_0115.jpg,REJECT,34.54999923706055,half_body,0.4361000061035156,REJECT,sim=0.194 (too low),,PASS,disabled,0.0188,REJECT,clip_sim=0.155 (wrong subject),2.06,REJECT,aesthetic=2.1/10 (low quality),0.0,REJECT,skin_delta=68.8 (wrong tone),1.0,PASS,lapvar=389.8,1.0,PASS,black=1.5% white=0.3%,,PASS,mediapipe_unavailable,PASS,unique,archetype(REJECT); semantic(REJECT); aesthetic(REJECT); skin(REJECT),reject
nyra_ref_008.jpg,REJECT,34.369998931884766,portrait,0.39320001006126404,REJECT,sim=0.133 (too low),,PASS,disabled,0.0693,REJECT,clip_sim=0.167 (wrong subject),2.95,REJECT,aesthetic=2.9/10 (low quality),0.0,REVIEW,skin_delta=30.4,1.0,PASS,lapvar=1101.6,1.0,PASS,black=0.4% white=0.4%,,PASS,mediapipe_unavailable,PASS,unique,archetype(REJECT); semantic(REJECT); aesthetic(REJECT); skin(REVIEW),reject
img_0220.jpg,REJECT,34.05,environmental,0.46149998903274536,REJECT,sim=0.231 (too low),,PASS,disabled,0.1114,REJECT,clip_sim=0.178 (wrong subject),1.57,REJECT,aesthetic=1.6/10 (low quality),0.0,REJECT,skin_delta=40.0 (wrong tone),0.5652,PASS,lapvar=126.1,1.0,PASS,black=4.3% white=0.0%,,PASS,mediapipe_unavailable,PASS,unique,archetype(REJECT); semantic(REJECT); aesthetic(REJECT); skin(REJECT),reject
nyra_ref_005.jpg,REJECT,33.93,portrait,0.43160000443458557,REJECT,sim=0.188 (too low),,PASS,disabled,0.1809,REJECT,clip_sim=0.195 (wrong subject),3.19,REJECT,aesthetic=3.2/10 (low quality),0.0883,PASS,skin_delta=22.8,0.2863,REVIEW,lapvar=78.7,1.0,PASS,black=0.0% white=0.7%,,PASS,mediapipe_unavailable,PASS,unique,archetype(REJECT); semantic(REJECT); aesthetic(REJECT); blur(REVIEW),reject
img_0022.jpg,REJECT,33.459999084472656,closeup,0.38370001316070557,REJECT,sim=0.120 (too low),,PASS,disabled,0.0484,REJECT,clip_sim=0.162 (wrong subject),2.44,REJECT,aesthetic=2.4/10 (low quality),0.0,REJECT,skin_delta=54.1 (wrong tone),1.0,PASS,lapvar=219.9,1.0,PASS,black=2.4% white=0.1%,,PASS,mediapipe_unavailable,PASS,unique,archetype(REJECT); semantic(REJECT); aesthetic(REJECT); skin(REJECT),reject
img_0173.jpg,REJECT,33.439998626708984,environmental,0.3571999967098236,REJECT,sim=0.082 (too low),,PASS,disabled,0.0831,REJECT,clip_sim=0.171 (wrong subject),2.34,REJECT,aesthetic=2.3/10 (low quality),0.0,REJECT,skin_delta=76.1 (wrong tone),1.0,PASS,lapvar=668.9,1.0,PASS,black=2.3% white=0.0%,,PASS,mediapipe_unavailable,PASS,unique,archetype(REJECT); semantic(REJECT); aesthetic(REJECT); skin(REJECT),reject
nyra_ref_010.jpg,REJECT,33.209999084472656,portrait,0.361299991607666,REJECT,sim=0.088 (too low),,PASS,disabled,0.0693,REJECT,clip_sim=0.167 (wrong subject),1.82,REJECT,aesthetic=1.8/10 (low quality),0.0,REJECT,skin_delta=56.1 (wrong tone),1.0,PASS,lapvar=213.0,1.0,PASS,black=3.3% white=1.7%,,PASS,mediapipe_unavailable,PASS,unique,archetype(REJECT); semantic(REJECT); aesthetic(REJECT); skin(REJECT),reject
img_0025.jpg,REJECT,33.0099983215332,environmental,0.3682999908924103,REJECT,sim=0.098 (too low),,PASS,disabled,0.0525,REJECT,clip_sim=0.163 (wrong subject),2.97,REJECT,aesthetic=3.0/10 (low quality),0.0,REJECT,skin_delta=43.2 (wrong tone),1.0,PASS,lapvar=992.4,1.0,PASS,black=4.0% white=4.7%,,PASS,mediapipe_unavailable,PASS,unique,archetype(REJECT); semantic(REJECT); aesthetic(REJECT); skin(REJECT),reject
nyra_ref_011.jpg,REJECT,32.959999084472656,environmental,0.33730000257492065,REJECT,sim=0.053 (too low),,PASS,disabled,0.2007,REVIEW,clip_sim=0.200,2.72,REJECT,aesthetic=2.7/10 (low quality),0.0,REJECT,skin_delta=98.8 (wrong tone),1.0,PASS,lapvar=1252.6,0.6744,REVIEW,black=0.5% white=18.0%,,PASS,mediapipe_unavailable,PASS,unique,archetype(REJECT); semantic(REVIEW); aesthetic(REJECT); skin(REJECT); exposure(REVIEW),reject
img_0003.jpg,REJECT,32.53,portrait,0.41760000586509705,REJECT,sim=0.168 (too low),,PASS,disabled,0.1752,REJECT,clip_sim=0.194 (wrong subject),1.74,REJECT,aesthetic=1.7/10 (low quality),0.0,REJECT,skin_delta=49.0 (wrong tone),0.382,REVIEW,lapvar=94.9,1.0,PASS,black=0.1% white=0.5%,,PASS,mediapipe_unavailable,PASS,unique,archetype(REJECT); semantic(REJECT); aesthetic(REJECT); skin(REJECT); blur(REVIEW),reject
nyra_ref_017.jpg,REJECT,32.53,portrait,0.41760000586509705,REJECT,sim=0.168 (too low),,PASS,disabled,0.1752,REJECT,clip_sim=0.194 (wrong subject),1.74,REJECT,aesthetic=1.7/10 (low quality),0.0,REJECT,skin_delta=49.0 (wrong tone),0.382,REVIEW,lapvar=94.9,1.0,PASS,black=0.1% white=0.5%,,PASS,mediapipe_unavailable,REJECT,exact_dup_p:0_d:0,archetype(REJECT); semantic(REJECT); aesthetic(REJECT); skin(REJECT); blur(REVIEW),reject
img_0195.jpg,REJECT,31.77,half_body,0.39430001378059387,REJECT,sim=0.135 (too low),,PASS,disabled,0.0646,REJECT,clip_sim=0.166 (wrong subject),2.33,REJECT,aesthetic=2.3/10 (low quality),0.0,REJECT,skin_delta=41.3 (wrong tone),0.7239,PASS,lapvar=153.1,1.0,PASS,black=0.0% white=0.0%,,PASS,mediapipe_unavailable,PASS,unique,archetype(REJECT); semantic(REJECT); aesthetic(REJECT); skin(REJECT),reject
nyra_ref_012.jpg,REJECT,31.610000610351562,portrait,0.4794999957084656,REJECT,sim=0.256 (too low),,PASS,disabled,0.1865,REJECT,clip_sim=0.197 (wrong subject),2.07,REJECT,aesthetic=2.1/10 (low quality),0.0,REVIEW,skin_delta=26.4,1.0,PASS,lapvar=3177.8,0.0,REJECT,black=6.4% white=47.0%,,PASS,mediapipe_unavailable,PASS,unique,archetype(REJECT); semantic(REJECT); aesthetic(REJECT); skin(REVIEW); exposure(REJECT),reject
nyra_ref_003.jpg,REJECT,29.93000030517578,half_body,0.35440000891685486,REJECT,sim=0.078 (too low),,PASS,disabled,0.1192,REJECT,clip_sim=0.180 (wrong subject),2.2,REJECT,aesthetic=2.2/10 (low quality),0.0,REJECT,skin_delta=42.1 (wrong tone),1.0,PASS,lapvar=405.5,0.5173,REJECT,black=0.2% white=24.3%,,PASS,mediapipe_unavailable,PASS,unique,archetype(REJECT); semantic(REJECT); aesthetic(REJECT); skin(REJECT); exposure(REJECT),reject
img_0179.jpg,REJECT,28.14,environmental,0.2896000146865845,REJECT,sim=-0.015 (too low),,PASS,disabled,0.1267,REJECT,clip_sim=0.182 (wrong subject),2.6,REJECT,aesthetic=2.6/10 (low quality),0.0,REVIEW,skin_delta=28.1,0.5698,PASS,lapvar=126.9,0.9873,REVIEW,black=0.6% white=5.5%,,PASS,mediapipe_unavailable,PASS,unique,archetype(REJECT); semantic(REJECT); aesthetic(REJECT); skin(REVIEW); exposure(REVIEW),reject
img_0214.jpg,REJECT,27.98,environmental,0.0,REJECT,no_face_detected,,PASS,disabled,0.0,REJECT,clip_sim=0.124 (wrong subject),2.65,REJECT,aesthetic=2.6/10 (low quality),0.63,PASS,skin_delta=9.3,1.0,PASS,lapvar=303.5,0.8181,REVIEW,black=0.8% white=12.3%,,PASS,mediapipe_unavailable,PASS,unique,archetype(REJECT); semantic(REJECT); aesthetic(REJECT); exposure(REVIEW),reject
img_0018.jpg,REJECT,26.72,environmental,0.0,REJECT,no_face_detected,,PASS,disabled,0.3297,REVIEW,clip_sim=0.232,2.88,REJECT,aesthetic=2.9/10 (low quality),0.0656,PASS,skin_delta=23.4,1.0,PASS,lapvar=490.7,0.8188,REVIEW,black=12.2% white=0.2%,,PASS,mediapipe_unavailable,PASS,unique,archetype(REJECT); semantic(REVIEW); aesthetic(REJECT); exposure(REVIEW),reject
img_0082.jpg,REJECT,25.27,environmental,0.0,REJECT,no_face_detected,,PASS,disabled,0.26,REVIEW,clip_sim=0.215,2.73,REJECT,aesthetic=2.7/10 (low quality),0.0,REJECT,skin_delta=32.9 (wrong tone),1.0,PASS,lapvar=256.1,1.0,PASS,black=5.0% white=0.2%,,PASS,mediapipe_unavailable,PASS,unique,archetype(REJECT); semantic(REVIEW); aesthetic(REJECT); skin(REJECT),reject
nyra_ref_018.jpg,REJECT,25.15999984741211,environmental,0.37450000643730164,REJECT,sim=0.106 (too low),,PASS,disabled,0.0899,REJECT,clip_sim=0.172 (wrong subject),2.75,REJECT,aesthetic=2.7/10 (low quality),0.0,REJECT,skin_delta=38.9 (wrong tone),1.0,PASS,lapvar=895.3,0.0,REJECT,black=1.3% white=73.0%,,PASS,mediapipe_unavailable,PASS,unique,archetype(REJECT); semantic(REJECT); aesthetic(REJECT); skin(REJECT); exposure(REJECT),reject
img_0038.jpg,REJECT,24.11,environmental,0.0,REJECT,no_face_detected,,PASS,disabled,0.0,REJECT,clip_sim=0.129 (wrong subject),3.18,REJECT,aesthetic=3.2/10 (low quality),0.3897,PASS,skin_delta=15.3,1.0,PASS,lapvar=423.0,0.8729,REVIEW,black=10.1% white=0.0%,,PASS,mediapipe_unavailable,PASS,unique,archetype(REJECT); semantic(REJECT); aesthetic(REJECT); exposure(REVIEW),reject
nyra_ref_007.jpg,REJECT,23.67,environmental,0.0,REJECT,no_face_detected,,PASS,disabled,0.2152,REVIEW,clip_sim=0.204,2.23,REJECT,aesthetic=2.2/10 (low quality),0.0,REJECT,skin_delta=52.0 (wrong tone),0.9976,PASS,lapvar=199.6,0.9604,REVIEW,black=6.6% white=0.1%,,PASS,mediapipe_unavailable,PASS,unique,archetype(REJECT); semantic(REVIEW); aesthetic(REJECT); skin(REJECT); exposure(REVIEW),reject
img_0015.jpg,REJECT,21.76,environmental,0.0,REJECT,no_face_detected,,PASS,disabled,0.1311,REJECT,clip_sim=0.183 (wrong subject),2.62,REJECT,aesthetic=2.6/10 (low quality),0.0,REJECT,skin_delta=56.5 (wrong tone),1.0,PASS,lapvar=295.5,1.0,PASS,black=0.0% white=0.0%,,PASS,mediapipe_unavailable,PASS,unique,archetype(REJECT); semantic(REJECT); aesthetic(REJECT); skin(REJECT),reject
From Klickpin.com- 1121677850970841841-pin-id-1121677850970841841-story-1.jpg,REJECT,19.67,environmental,0.0,REJECT,no_face_detected,,PASS,disabled,0.3219,REVIEW,clip_sim=0.230,2.15,REJECT,aesthetic=2.1/10 (low quality),0.0,REJECT,skin_delta=37.0 (wrong tone),0.422,REVIEW,lapvar=101.7,0.7765,REVIEW,black=13.9% white=0.0%,,PASS,mediapipe_unavailable,PASS,unique,archetype(REJECT); semantic(REVIEW); aesthetic(REJECT); skin(REJECT); blur(REVIEW); exposure(REVIEW),reject
img_0120.jpg,REJECT,17.62,environmental,0.0,REJECT,no_face_detected,,PASS,disabled,0.0,REJECT,clip_sim=0.139 (wrong subject),3.16,REJECT,aesthetic=3.2/10 (low quality),0.0,REJECT,skin_delta=61.4 (wrong tone),1.0,PASS,lapvar=3562.4,0.938,REVIEW,black=2.8% white=7.5%,,PASS,mediapipe_unavailable,PASS,unique,archetype(REJECT); semantic(REJECT); aesthetic(REJECT); skin(REJECT); exposure(REVIEW),reject
From Klickpin.com- 1121677850970841661-pin-id-1121677850970841661.jpg,REVIEW,63.03,half_body,0.6003999710083008,REVIEW,sim=0.429 qual=1.000,,PASS,disabled,0.36,REVIEW,clip_sim=0.240,2.93,REJECT,aesthetic=2.9/10 (low quality),0.8326,PASS,skin_delta=4.2,0.7865,PASS,lapvar=163.7,1.0,PASS,black=0.5% white=1.3%,,PASS,mediapipe_unavailable,REVIEW,semantic_near_dup_clip:0.857,archetype(REVIEW); semantic(REVIEW); aesthetic(REJECT),review
img_0075.jpg,REVIEW,55.68000030517578,half_body,0.671500027179718,REVIEW,sim=0.531 qual=1.000,,PASS,disabled,0.3997,REVIEW,clip_sim=0.250,2.09,REJECT,aesthetic=2.1/10 (low quality),0.2787,PASS,skin_delta=18.0,1.0,PASS,lapvar=452.1,0.6828,REVIEW,black=17.7% white=0.0%,,PASS,mediapipe_unavailable,PASS,unique,archetype(REVIEW); semantic(REVIEW); aesthetic(REJECT); exposure(REVIEW),review
img_0181.jpg,REVIEW,54.93000030517578,half_body,0.5270000100135803,REVIEW,sim=0.324 qual=1.000,,PASS,disabled,0.3345,REVIEW,clip_sim=0.234,2.12,REJECT,aesthetic=2.1/10 (low quality),0.4654,PASS,skin_delta=13.4,1.0,PASS,lapvar=2615.7,1.0,PASS,black=1.6% white=0.3%,,PASS,mediapipe_unavailable,REVIEW,semantic_near_dup_clip:0.877,archetype(REVIEW); semantic(REVIEW); aesthetic(REJECT),review
img_0064.jpg,REVIEW,53.65999984741211,environmental,0.5325000286102295,REVIEW,sim=0.332 qual=1.000,,PASS,disabled,0.3395,REVIEW,clip_sim=0.235,2.34,REJECT,aesthetic=2.3/10 (low quality),0.3771,PASS,skin_delta=15.6,1.0,PASS,lapvar=282.4,1.0,PASS,black=3.4% white=1.6%,,PASS,mediapipe_unavailable,PASS,unique,archetype(REVIEW); semantic(REVIEW); aesthetic(REJECT),review
img_0139.jpg,REVIEW,49.4900016784668,portrait,0.5557000041007996,REVIEW,sim=0.365 qual=1.000,,PASS,disabled,0.3274,REVIEW,clip_sim=0.232,3.35,REJECT,aesthetic=3.3/10 (low quality),0.1195,PASS,skin_delta=22.0,1.0,PASS,lapvar=816.2,1.0,PASS,black=0.0% white=1.6%,,PASS,mediapipe_unavailable,PASS,unique,archetype(REVIEW); semantic(REVIEW); aesthetic(REJECT),review
img_0217.jpg,REVIEW,47.5,portrait,0.5774000287055969,REVIEW,sim=0.396 qual=1.000,,PASS,disabled,0.3961,REVIEW,clip_sim=0.249,2.52,REJECT,aesthetic=2.5/10 (low quality),0.3631,PASS,skin_delta=15.9,0.4021,REVIEW,lapvar=98.4,0.5985,REVIEW,black=21.1% white=0.0%,,PASS,mediapipe_unavailable,REVIEW,semantic_near_dup_clip:0.866,archetype(REVIEW); semantic(REVIEW); aesthetic(REJECT); blur(REVIEW); exposure(REVIEW),review
